{
  "mse": 247.58370971679688,
  "rmse": 15.734792967077668,
  "mae": 12.42730712890625,
  "r2": 0.8155871033668518,
  "qwk": 0.8877318248556529
}