{
  "MSE": 14.059259414672852,
  "RMSE": 3.74956789706132,
  "MAE": 3.004612445831299,
  "R2": 0.7612320184707642,
  "QWK": 0.8670860503036778
}