{
  "MSE": 21.515308380126953,
  "RMSE": 4.6384596990948355,
  "MAE": 3.701551914215088,
  "R2": 0.5498945713043213,
  "QWK": 0.7291001401076386
}