{
  "MSE": 5.966919422149658,
  "RMSE": 2.4427278649390436,
  "MAE": 1.810909390449524,
  "R2": 0.8932914137840271,
  "QWK": 0.944542470076262
}